Name,Location,URL,Opening Hours,Ticket Prices (Adult),Ticket Prices (Student)
khonsu temple,Karnak (Luxor),https://egymonuments.gov.eg/en/monuments/khonsu-temple,"{""Sunday"": ""06:00 AM - 05:00 PM"", ""Monday"": ""06:00 AM - 05:00 PM"", ""Tuesday"": ""06:00 AM - 05:00 PM"", ""Wednesday"": ""06:00 AM - 05:00 PM"", ""Thursday"": ""06:00 AM - 05:00 PM"", ""Friday"": ""06:00 AM - 05:00 PM"", ""Saturday"": ""06:00 AM - 05:00 PM""}",N/A,N/A
The Ramesseum; The Temple of Ramses II,Luxor,https://egymonuments.gov.eg/en/monuments/the-ramesseum-the-temple-of-ramses-ii,"{""Sunday"": ""06:00 AM - 05:00 PM"", ""Monday"": ""06:00 AM - 05:00 PM"", ""Tuesday"": ""06:00 AM - 05:00 PM"", ""Wednesday"": ""06:00 AM - 05:00 PM"", ""Thursday"": ""06:00 AM - 05:00 PM"", ""Friday"": ""06:00 AM - 05:00 PM"", ""Saturday"": ""06:00 AM - 05:00 PM""}",N/A,N/A
The Temple of Medinet Habu,Luxor,https://egymonuments.gov.eg/en/monuments/the-temple-of-medinet-habu,"{""Sunday"": ""06:00 AM - 05:00 PM"", ""Monday"": ""06:00 AM - 05:00 PM"", ""Tuesday"": ""06:00 AM - 05:00 PM"", ""Wednesday"": ""06:00 AM - 05:00 PM"", ""Thursday"": ""06:00 AM - 05:00 PM"", ""Friday"": ""06:00 AM - 05:00 PM"", ""Saturday"": ""06:00 AM - 05:00 PM""}",N/A,N/A
Wikala of Nafisa al-Bayda,Al-Mu'izz Street (Cairo),https://egymonuments.gov.eg/en/monuments/wikala-of-nafisa-al-bayda,"{""Sunday"": ""09:00 AM - 05:00 PM"", ""Monday"": ""09:00 AM - 05:00 PM"", ""Tuesday"": ""09:00 AM - 05:00 PM"", ""Wednesday"": ""09:00 AM - 05:00 PM"", ""Thursday"": ""09:00 AM - 05:00 PM"", ""Friday"": ""09:00 AM - 05:00 PM"", ""Saturday"": ""09:00 AM - 05:00 PM""}",N/A,N/A
The Walls of Cairo,Al-Mu'izz Street (Cairo),https://egymonuments.gov.eg/en/monuments/the-walls-of-cairo,{},N/A,N/A
The Architectural Complex of Prince Youssef Kamal,Qena,https://egymonuments.gov.eg/en/monuments/the-architectural-complex-of-prince-youssef-kamal,"{""Sunday"": ""08:00 AM - 05:00 PM"", ""Monday"": ""08:00 AM - 05:00 PM"", ""Tuesday"": ""08:00 AM - 05:00 PM"", ""Wednesday"": ""08:00 AM - 05:00 PM"", ""Thursday"": ""08:00 AM - 05:00 PM"", ""Friday"": ""08:00 AM - 05:00 PM"", ""Saturday"": ""08:00 AM - 05:00 PM""}",N/A,N/A
Sabil of al-Amir Shaykhu,Cairo,https://egymonuments.gov.eg/en/monuments/sabil-of-al-amir-shaykhu,{},N/A,N/A
Mosque of al-Fakahani,Al-Mu'izz Street (Cairo),https://egymonuments.gov.eg/en/monuments/mosque-of-al-fakahani,{},N/A,N/A
Maq'ad of Mamay al-Sayfi,Al-Mu'izz Street (Cairo),https://egymonuments.gov.eg/en/monuments/maqad-of-mamay-al-sayfi,{},N/A,N/A
Mosque and Sabil-Kuttab of Shaykh Ali al-Mutahhar,Al-Mu'izz Street (Cairo),https://egymonuments.gov.eg/en/monuments/mosque-and-sabil-of-al-shaykh-ali-al-mutahhar,{},N/A,N/A
The towers Citadel of Salah al-Din Ayyubi,Cairo Citadel,https://egymonuments.gov.eg/en/monuments/the-towers-citadel-of-salah-al-din-ayyubi,"{""Sunday"": ""08:00 AM - 05:00 PM"", ""Monday"": ""08:00 AM - 05:00 PM"", ""Tuesday"": ""08:00 AM - 05:00 PM"", ""Wednesday"": ""08:00 AM - 05:00 PM"", ""Thursday"": ""08:00 AM - 05:00 PM"", ""Friday"": ""08:00 AM - 05:00 PM"", ""Saturday"": ""08:00 AM - 05:00 PM""}",N/A,N/A
The Pyramid of Meidum,Beni Suef,https://egymonuments.gov.eg/en/monuments/the-pyramid-of-meidum,"{""Sunday"": ""08:00 AM - 05:00 PM"", ""Monday"": ""08:00 AM - 05:00 PM"", ""Tuesday"": ""08:00 AM - 05:00 PM"", ""Wednesday"": ""08:00 AM - 05:00 PM"", ""Thursday"": ""08:00 AM - 05:00 PM"", ""Friday"": ""08:00 AM - 05:00 PM"", ""Saturday"": ""08:00 AM - 05:00 PM""}",N/A,N/A
Muhammad Ali Palace in shubra,Cairo,https://egymonuments.gov.eg/en/monuments/muhammad-ali-palace-in-shubra,{},N/A,N/A
New Kingdom Cemetery in Gebel Al-Silsila,Gebel al-Silsila (Aswan),https://egymonuments.gov.eg/en/monuments/new-kingdom-cemetery-in-gebel-al-silsila,"{""Sunday"": ""07:00 AM - 04:00 PM"", ""Monday"": ""07:00 AM - 04:00 PM"", ""Tuesday"": ""07:00 AM - 04:00 PM"", ""Wednesday"": ""07:00 AM - 04:00 PM"", ""Thursday"": ""07:00 AM - 04:00 PM"", ""Friday"": ""07:00 AM - 04:00 PM"", ""Saturday"": ""07:00 AM - 04:00 PM""}",N/A,N/A
Nile Stelae,Gebel al-Silsila (Aswan),https://egymonuments.gov.eg/en/monuments/nile-stelae-1,"{""Sunday"": ""07:00 AM - 04:00 PM"", ""Monday"": ""07:00 AM - 04:00 PM"", ""Tuesday"": ""07:00 AM - 04:00 PM"", ""Wednesday"": ""07:00 AM - 04:00 PM"", ""Thursday"": ""07:00 AM - 04:00 PM"", ""Friday"": ""07:00 AM - 04:00 PM"", ""Saturday"": ""07:00 AM - 04:00 PM""}",N/A,N/A
Royal Stelae,Gebel al-Silsila (Aswan),https://egymonuments.gov.eg/en/monuments/royal-stelae,"{""Sunday"": ""07:00 AM - 04:00 PM"", ""Monday"": ""07:00 AM - 04:00 PM"", ""Tuesday"": ""07:00 AM - 04:00 PM"", ""Wednesday"": ""07:00 AM - 04:00 PM"", ""Thursday"": ""07:00 AM - 04:00 PM"", ""Friday"": ""07:00 AM - 04:00 PM"", ""Saturday"": ""07:00 AM - 04:00 PM""}",N/A,N/A
Speos of Horemheb,Gebel al-Silsila (Aswan),https://egymonuments.gov.eg/en/monuments/speos-of-horemheb,"{""Sunday"": ""07:00 AM - 04:00 PM"", ""Monday"": ""07:00 AM - 04:00 PM"", ""Tuesday"": ""07:00 AM - 04:00 PM"", ""Wednesday"": ""07:00 AM - 04:00 PM"", ""Thursday"": ""07:00 AM - 04:00 PM"", ""Friday"": ""07:00 AM - 04:00 PM"", ""Saturday"": ""07:00 AM - 04:00 PM""}",N/A,N/A
Mosque of Sulayman Pasha al-Khadim “Saraya al-Jabal mosque”,Cairo Citadel,https://egymonuments.gov.eg/en/monuments/mosque-of-sulayman-pasha-al-khadim-saraya-al-jabal-mosque,"{""Sunday"": ""08:00 AM - 05:00 PM"", ""Monday"": ""08:00 AM - 05:00 PM"", ""Tuesday"": ""08:00 AM - 05:00 PM"", ""Wednesday"": ""08:00 AM - 05:00 PM"", ""Thursday"": ""08:00 AM - 05:00 PM"", ""Friday"": ""08:00 AM - 05:00 PM"", ""Saturday"": ""08:00 AM - 05:00 PM""}",N/A,N/A
Joseph's Well,Cairo Citadel,https://egymonuments.gov.eg/en/monuments/josephs-well,"{""Sunday"": ""08:00 AM - 04:00 PM"", ""Monday"": ""08:00 AM - 04:00 PM"", ""Tuesday"": ""08:00 AM - 04:00 PM"", ""Wednesday"": ""08:00 AM - 04:00 PM"", ""Thursday"": ""08:00 AM - 04:00 PM"", ""Friday"": ""08:00 AM - 04:00 PM"", ""Saturday"": ""08:00 AM - 04:00 PM""}",N/A,N/A
Citadel Prison,Cairo Citadel,https://egymonuments.gov.eg/en/monuments/citadel-prison,"{""Sunday"": ""08:00 AM - 05:00 PM"", ""Monday"": ""08:00 AM - 05:00 PM"", ""Tuesday"": ""08:00 AM - 05:00 PM"", ""Wednesday"": ""08:00 AM - 05:00 PM"", ""Thursday"": ""08:00 AM - 05:00 PM"", ""Friday"": ""08:00 AM - 05:00 PM"", ""Saturday"": ""08:00 AM - 05:00 PM""}",N/A,N/A
Mosque of al-Zahir Baybars,Cairo,https://egymonuments.gov.eg/en/monuments/mosque-of-al-zahir-baybars,{},N/A,N/A
Qaitbay Fort,Alexandria,https://egymonuments.gov.eg/en/monuments/qaitbay-fort,"{""Sunday"": ""09:00 AM - 08:00 PM"", ""Monday"": ""09:00 AM - 08:00 PM"", ""Tuesday"": ""09:00 AM - 08:00 PM"", ""Wednesday"": ""09:00 AM - 08:00 PM"", ""Thursday"": ""09:00 AM - 08:00 PM"", ""Friday"": ""09:00 AM - 08:00 PM"", ""Saturday"": ""09:00 AM - 08:00 PM""}",N/A,N/A
Kom Ombo Temple,Aswan,https://egymonuments.gov.eg/en/monuments/kom-ombo-temple,"{""Sunday"": ""07:00 AM - 09:00 PM"", ""Monday"": ""07:00 AM - 09:00 PM"", ""Tuesday"": ""07:00 AM - 09:00 PM"", ""Wednesday"": ""07:00 AM - 09:00 PM"", ""Thursday"": ""07:00 AM - 09:00 PM"", ""Friday"": ""07:00 AM - 09:00 PM"", ""Saturday"": ""07:00 AM - 09:00 PM""}",N/A,N/A
The Hanging Church,Al-Fustat (Old Cairo),https://egymonuments.gov.eg/en/monuments/the-hanging-church,"{""Sunday"": ""09:00 AM - 04:00 PM"", ""Monday"": ""09:00 AM - 04:00 PM"", ""Tuesday"": ""09:00 AM - 04:00 PM"", ""Wednesday"": ""09:00 AM - 04:00 PM"", ""Thursday"": ""09:00 AM - 04:00 PM"", ""Friday"": ""09:00 AM - 04:00 PM"", ""Saturday"": ""09:00 AM - 04:00 PM""}",N/A,N/A
Haward Carter and His House at Thebes,Luxor,https://egymonuments.gov.eg/en/monuments/haward-carter-and-his-house-at-thebes,"{""Sunday"": ""06:00 AM - 05:00 PM"", ""Monday"": ""06:00 AM - 05:00 PM"", ""Tuesday"": ""06:00 AM - 05:00 PM"", ""Wednesday"": ""06:00 AM - 05:00 PM"", ""Thursday"": ""06:00 AM - 05:00 PM"", ""Friday"": ""06:00 AM - 05:00 PM"", ""Saturday"": ""06:00 AM - 05:00 PM""}",N/A,N/A
Tomb of Penniut,Amada Temples,https://egymonuments.gov.eg/en/monuments/tomb-of-penniut,"{""Sunday"": ""07:00 AM - 04:00 PM"", ""Monday"": ""07:00 AM - 04:00 PM"", ""Tuesday"": ""07:00 AM - 04:00 PM"", ""Wednesday"": ""07:00 AM - 04:00 PM"", ""Thursday"": ""07:00 AM - 04:00 PM"", ""Friday"": ""07:00 AM - 04:00 PM"", ""Saturday"": ""07:00 AM - 04:00 PM""}",N/A,N/A
Temple of al Derr,Amada Temples,https://egymonuments.gov.eg/en/monuments/temple-of-al-derr,"{""Sunday"": ""07:00 AM - 04:00 PM"", ""Monday"": ""07:00 AM - 04:00 PM"", ""Tuesday"": ""07:00 AM - 04:00 PM"", ""Wednesday"": ""07:00 AM - 04:00 PM"", ""Thursday"": ""07:00 AM - 04:00 PM"", ""Friday"": ""07:00 AM - 04:00 PM"", ""Saturday"": ""07:00 AM - 04:00 PM""}",N/A,N/A
Rock Inscriptions of Sehel Island,Aswan,https://egymonuments.gov.eg/en/monuments/rock-inscriptions-of-sehel-island,"{""Sunday"": ""07:00 AM - 04:00 PM"", ""Monday"": ""07:00 AM - 04:00 PM"", ""Tuesday"": ""07:00 AM - 04:00 PM"", ""Wednesday"": ""07:00 AM - 04:00 PM"", ""Thursday"": ""07:00 AM - 04:00 PM"", ""Friday"": ""07:00 AM - 04:00 PM"", ""Saturday"": ""07:00 AM - 04:00 PM""}",N/A,N/A
Edfu Temple,Aswan,https://egymonuments.gov.eg/en/monuments/temple-of-edfu,"{""Sunday"": ""06:00 AM - 05:00 PM"", ""Monday"": ""07:00 AM - 05:00 PM"", ""Tuesday"": ""07:00 AM - 05:00 PM"", ""Wednesday"": ""06:00 AM - 05:00 PM"", ""Thursday"": ""07:00 AM - 05:00 PM"", ""Friday"": ""07:00 AM - 05:00 PM"", ""Saturday"": ""07:00 AM - 05:00 PM""}",N/A,N/A
Amada Temple,Amada Temples,https://egymonuments.gov.eg/en/monuments/amada-temple,"{""Sunday"": ""07:00 AM - 04:00 PM"", ""Monday"": ""07:00 AM - 04:00 PM"", ""Tuesday"": ""07:00 AM - 04:00 PM"", ""Wednesday"": ""07:00 AM - 04:00 PM"", ""Thursday"": ""07:00 AM - 04:00 PM"", ""Friday"": ""07:00 AM - 04:00 PM"", ""Saturday"": ""07:00 AM - 04:00 PM""}",N/A,N/A
The Unfinished Obelisk,Aswan,https://egymonuments.gov.eg/en/monuments/the-unfinished-obelisk,"{""Sunday"": ""07:00 AM - 04:00 PM"", ""Monday"": ""07:00 AM - 04:00 PM"", ""Tuesday"": ""07:00 AM - 04:00 PM"", ""Wednesday"": ""07:00 AM - 04:00 PM"", ""Thursday"": ""07:00 AM - 04:00 PM"", ""Friday"": ""07:00 AM - 04:00 PM"", ""Saturday"": ""07:00 AM - 04:00 PM""}",N/A,N/A
Kalabsha Temple,Aswan,https://egymonuments.gov.eg/en/monuments/kalabsha-temple,"{""Sunday"": ""07:00 AM - 04:00 PM"", ""Monday"": ""07:00 AM - 04:00 PM"", ""Tuesday"": ""07:00 AM - 04:00 PM"", ""Wednesday"": ""07:00 AM - 04:00 PM"", ""Thursday"": ""07:00 AM - 04:00 PM"", ""Friday"": ""07:00 AM - 04:00 PM"", ""Saturday"": ""07:00 AM - 04:00 PM""}",N/A,N/A
"Madrasa, Mausaleum, and Bimaristan of al-Mansur Qalawun",Al-Mu'izz Street (Cairo),https://egymonuments.gov.eg/en/monuments/madrasa-mausaleum-and-bimaristan-of-al-mansur-qalawun,"{""Sunday"": ""09:00 AM - 05:00 PM"", ""Monday"": ""09:00 AM - 05:00 PM"", ""Tuesday"": ""09:00 AM - 05:00 PM"", ""Wednesday"": ""09:00 AM - 05:00 PM"", ""Thursday"": ""09:00 AM - 05:00 PM"", ""Friday"": ""09:00 AM - 05:00 PM"", ""Saturday"": ""09:00 AM - 05:00 PM""}",N/A,N/A
"Mosque, Khanqa, and Madrasa of Sultan Farag ibn Barquq in the Mamluk Cemetery",Cairo,https://egymonuments.gov.eg/en/monuments/mosque-khanqa-and-madrasa-of-sultan-farag-ibn-barquq-in-the-mamluk-cemetery,"{""Sunday"": ""09:00 AM - 05:00 PM"", ""Monday"": ""09:00 AM - 05:00 PM"", ""Tuesday"": ""09:00 AM - 05:00 PM"", ""Wednesday"": ""09:00 AM - 05:00 PM"", ""Thursday"": ""09:00 AM - 05:00 PM"", ""Friday"": ""09:00 AM - 05:00 PM"", ""Saturday"": ""09:00 AM - 05:00 PM""}",N/A,N/A
Madrasa of Sultan al-Ghuri,Al-Mu'izz Street (Cairo),https://egymonuments.gov.eg/en/monuments/madrasa-of-sultan-al-ghuri,"{""Sunday"": ""09:00 AM - 05:00 PM"", ""Monday"": ""09:00 AM - 05:00 PM"", ""Tuesday"": ""09:00 AM - 05:00 PM"", ""Wednesday"": ""09:00 AM - 05:00 PM"", ""Thursday"": ""09:00 AM - 05:00 PM"", ""Friday"": ""09:00 AM - 05:00 PM"", ""Saturday"": ""09:00 AM - 05:00 PM""}",N/A,N/A
Sultan al-Ghuri Complex,Al-Mu'izz Street (Cairo),https://egymonuments.gov.eg/en/monuments/sultan-al-ghuri-complex,"{""Sunday"": ""09:00 AM - 05:00 PM"", ""Monday"": ""09:00 AM - 05:00 PM"", ""Tuesday"": ""09:00 AM - 05:00 PM"", ""Wednesday"": ""09:00 AM - 05:00 PM"", ""Thursday"": ""09:00 AM - 05:00 PM"", ""Friday"": ""09:00 AM - 05:00 PM"", ""Saturday"": ""09:00 AM - 05:00 PM""}",N/A,N/A
Al-Ghuri’s wikala,Al-Mu'izz Street (Cairo),https://egymonuments.gov.eg/en/monuments/al-ghuri-s-wikala,"{""Sunday"": ""09:00 AM - 05:00 PM"", ""Monday"": ""09:00 AM - 05:00 PM"", ""Tuesday"": ""09:00 AM - 05:00 PM"", ""Wednesday"": ""09:00 AM - 05:00 PM"", ""Thursday"": ""09:00 AM - 05:00 PM"", ""Friday"": ""09:00 AM - 05:00 PM"", ""Saturday"": ""09:00 AM - 05:00 PM""}",N/A,N/A
Mosque and Madrasa of al-Nasir Muhammad Ibn Qalawun,Al-Mu'izz Street (Cairo),https://egymonuments.gov.eg/en/monuments/mosque-and-madrasa-of-al-nasir-muhammad-ibn-qalawun-1,"{""Sunday"": ""09:00 AM - 05:00 PM"", ""Monday"": ""09:00 AM - 05:00 PM"", ""Tuesday"": ""09:00 AM - 05:00 PM"", ""Wednesday"": ""09:00 AM - 05:00 PM"", ""Thursday"": ""09:00 AM - 05:00 PM"", ""Friday"": ""09:00 AM - 05:00 PM"", ""Saturday"": ""09:00 AM - 05:00 PM""}",N/A,N/A
The complex of Sultan Qayitbay in the Mamluk Cemetery.,Cairo,https://egymonuments.gov.eg/en/monuments/the-complex-of-sultan-qayitbay-in-the-mamluk-cemetery,"{""Sunday"": ""09:00 AM - 05:00 PM"", ""Monday"": ""09:00 AM - 05:00 PM"", ""Tuesday"": ""09:00 AM - 05:00 PM"", ""Wednesday"": ""09:00 AM - 05:00 PM"", ""Thursday"": ""09:00 AM - 05:00 PM"", ""Friday"": ""09:00 AM - 05:00 PM"", ""Saturday"": ""09:00 AM - 05:00 PM""}",N/A,N/A
Sabil-kuttab of Nafisa al-Bayda,Al-Mu'izz Street (Cairo),https://egymonuments.gov.eg/en/monuments/sabil-kuttab-of-nafisa-al-bayda,"{""Sunday"": ""09:00 AM - 05:00 PM"", ""Monday"": ""09:00 AM - 05:00 PM"", ""Tuesday"": ""09:00 AM - 05:00 PM"", ""Wednesday"": ""09:00 AM - 05:00 PM"", ""Thursday"": ""09:00 AM - 05:00 PM"", ""Friday"": ""09:00 AM - 05:00 PM"", ""Saturday"": ""09:00 AM - 05:00 PM""}",N/A,N/A
Samiha Kamil Palace,Cairo,https://egymonuments.gov.eg/en/monuments/samiha-kamil-palace,{},N/A,N/A
Prince Taz Palace,Al-Suyufiyya Street (Cairo),https://egymonuments.gov.eg/en/monuments/prince-taz-palace,"{""Sunday"": ""09:00 AM - 05:00 PM"", ""Monday"": ""09:00 AM - 05:00 PM"", ""Tuesday"": ""09:00 AM - 05:00 PM"", ""Wednesday"": ""09:00 AM - 05:00 PM"", ""Thursday"": ""09:00 AM - 05:00 PM"", ""Friday"": ""09:00 AM - 05:00 PM"", ""Saturday"": ""09:00 AM - 05:00 PM""}",N/A,N/A
The tomb of Amenemhat,Beni Hasan,https://egymonuments.gov.eg/en/monuments/the-tomb-of-amenemhat,"{""Sunday"": ""08:00 AM - 05:00 PM"", ""Monday"": ""08:00 AM - 05:00 PM"", ""Tuesday"": ""08:00 AM - 05:00 PM"", ""Wednesday"": ""08:00 AM - 05:00 PM"", ""Thursday"": ""08:00 AM - 05:00 PM"", ""Friday"": ""08:00 AM - 05:00 PM"", ""Saturday"": ""08:00 AM - 05:00 PM""}",N/A,N/A
The Tomb of Khnumhotep II,Beni Hasan,https://egymonuments.gov.eg/en/monuments/the-tomb-of-khnumhotep-ii,"{""Sunday"": ""08:00 AM - 05:00 PM"", ""Monday"": ""08:00 AM - 05:00 PM"", ""Tuesday"": ""08:00 AM - 05:00 PM"", ""Wednesday"": ""08:00 AM - 05:00 PM"", ""Thursday"": ""08:00 AM - 05:00 PM"", ""Friday"": ""08:00 AM - 05:00 PM"", ""Saturday"": ""08:00 AM - 05:00 PM""}",N/A,N/A
The Tomb of Baqet III,Beni Hasan,https://egymonuments.gov.eg/en/monuments/the-tomb-of-baqet-iii,"{""Sunday"": ""08:00 AM - 05:00 PM"", ""Monday"": ""08:00 AM - 05:00 PM"", ""Tuesday"": ""08:00 AM - 05:00 PM"", ""Wednesday"": ""08:00 AM - 05:00 PM"", ""Thursday"": ""08:00 AM - 05:00 PM"", ""Friday"": ""08:00 AM - 05:00 PM"", ""Saturday"": ""08:00 AM - 05:00 PM""}",N/A,N/A
The Tomb of Khety,Beni Hasan,https://egymonuments.gov.eg/en/monuments/the-tomb-of-khety,"{""Sunday"": ""08:00 AM - 05:00 PM"", ""Monday"": ""08:00 AM - 05:00 PM"", ""Tuesday"": ""08:00 AM - 05:00 PM"", ""Wednesday"": ""08:00 AM - 05:00 PM"", ""Thursday"": ""08:00 AM - 05:00 PM"", ""Friday"": ""08:00 AM - 05:00 PM"", ""Saturday"": ""08:00 AM - 05:00 PM""}",N/A,N/A
The Red Pyramid,Dahshur (Cairo),https://egymonuments.gov.eg/en/monuments/the-red-pyramid,"{""Sunday"": ""08:00 AM - 05:00 PM"", ""Monday"": ""08:00 AM - 05:00 PM"", ""Tuesday"": ""08:00 AM - 05:00 PM"", ""Wednesday"": ""08:00 AM - 05:00 PM"", ""Thursday"": ""08:00 AM - 05:00 PM"", ""Friday"": ""08:00 AM - 05:00 PM"", ""Saturday"": ""08:00 AM - 05:00 PM""}",N/A,N/A
The Bent Pyramid,Dahshur (Cairo),https://egymonuments.gov.eg/en/monuments/the-bent-pyramid,"{""Sunday"": ""08:00 AM - 05:00 PM"", ""Monday"": ""08:00 AM - 05:00 PM"", ""Tuesday"": ""08:00 AM - 05:00 PM"", ""Wednesday"": ""08:00 AM - 05:00 PM"", ""Thursday"": ""08:00 AM - 05:00 PM"", ""Friday"": ""08:00 AM - 05:00 PM"", ""Saturday"": ""08:00 AM - 05:00 PM""}",N/A,N/A
The Southern Tomb,Saqqara (Cairo),https://egymonuments.gov.eg/en/monuments/the-southern-tomb,"{""Sunday"": ""08:00 AM - 05:00 PM"", ""Monday"": ""08:00 AM - 05:00 PM"", ""Tuesday"": ""08:00 AM - 05:00 PM"", ""Wednesday"": ""08:00 AM - 05:00 PM"", ""Thursday"": ""08:00 AM - 05:00 PM"", ""Friday"": ""08:00 AM - 05:00 PM"", ""Saturday"": ""08:00 AM - 05:00 PM""}",N/A,N/A
The Temple of Bastet,Tell Basta,https://egymonuments.gov.eg/en/monuments/the-temple-of-bastet,"{""Sunday"": ""09:00 AM - 05:00 PM"", ""Monday"": ""09:00 AM - 05:00 PM"", ""Tuesday"": ""09:00 AM - 05:00 PM"", ""Wednesday"": ""09:00 AM - 05:00 PM"", ""Thursday"": ""09:00 AM - 05:00 PM"", ""Friday"": ""09:00 AM - 05:00 PM"", ""Saturday"": ""09:00 AM - 05:00 PM""}",N/A,N/A
Statue of Queen Meritamun,Tell Basta,https://egymonuments.gov.eg/en/monuments/statue-of-queen-meritamun,"{""Sunday"": ""09:00 AM - 05:00 PM"", ""Monday"": ""09:00 AM - 05:00 PM"", ""Tuesday"": ""09:00 AM - 05:00 PM"", ""Wednesday"": ""09:00 AM - 05:00 PM"", ""Thursday"": ""09:00 AM - 05:00 PM"", ""Friday"": ""09:00 AM - 05:00 PM"", ""Saturday"": ""09:00 AM - 05:00 PM""}",N/A,N/A
The Roman well,Tell Basta,https://egymonuments.gov.eg/en/monuments/the-roman-well,"{""Sunday"": ""09:00 AM - 05:00 PM"", ""Monday"": ""09:00 AM - 05:00 PM"", ""Tuesday"": ""09:00 AM - 05:00 PM"", ""Wednesday"": ""09:00 AM - 05:00 PM"", ""Thursday"": ""09:00 AM - 05:00 PM"", ""Friday"": ""09:00 AM - 05:00 PM"", ""Saturday"": ""09:00 AM - 05:00 PM""}",N/A,N/A
Palace of King Amenemhat III,Tell Basta,https://egymonuments.gov.eg/en/monuments/palace-of-king-amenemhat-iii,"{""Sunday"": ""09:00 AM - 05:00 PM"", ""Monday"": ""09:00 AM - 05:00 PM"", ""Tuesday"": ""09:00 AM - 05:00 PM"", ""Wednesday"": ""09:00 AM - 05:00 PM"", ""Thursday"": ""09:00 AM - 05:00 PM"", ""Friday"": ""09:00 AM - 05:00 PM"", ""Saturday"": ""09:00 AM - 05:00 PM""}",N/A,N/A
Open Air Museum,Tell Basta,https://egymonuments.gov.eg/en/monuments/open-air-museum,"{""Sunday"": ""09:00 AM - 05:00 PM"", ""Monday"": ""09:00 AM - 05:00 PM"", ""Tuesday"": ""09:00 AM - 05:00 PM"", ""Wednesday"": ""09:00 AM - 05:00 PM"", ""Thursday"": ""09:00 AM - 05:00 PM"", ""Friday"": ""09:00 AM - 05:00 PM"", ""Saturday"": ""09:00 AM - 05:00 PM""}",N/A,N/A
Sabil-Kuttab of Muhammad Ali,Al-Mu'izz Street (Cairo),https://egymonuments.gov.eg/en/monuments/sabil-of-muhammad-ali,"{""Sunday"": ""09:00 AM - 05:00 PM"", ""Monday"": ""09:00 AM - 05:00 PM"", ""Tuesday"": ""09:00 AM - 05:00 PM"", ""Wednesday"": ""09:00 AM - 05:00 PM"", ""Thursday"": ""09:00 AM - 05:00 PM"", ""Friday"": ""09:00 AM - 05:00 PM"", ""Saturday"": ""09:00 AM - 05:00 PM""}",N/A,N/A
Sulayman Agha al-Silahdar Mosque,Al-Mu'izz Street (Cairo),https://egymonuments.gov.eg/en/monuments/sulayman-agha-al-silahdar-mosque-1,"{""Sunday"": ""09:00 AM - 05:00 PM"", ""Monday"": ""09:00 AM - 05:00 PM"", ""Tuesday"": ""09:00 AM - 05:00 PM"", ""Wednesday"": ""09:00 AM - 05:00 PM"", ""Thursday"": ""09:00 AM - 05:00 PM"", ""Friday"": ""09:00 AM - 05:00 PM"", ""Saturday"": ""09:00 AM - 05:00 PM""}",N/A,N/A
Mosque of Sultan al-Mu’ayyad Shaykh,Al-Mu'izz Street (Cairo),https://egymonuments.gov.eg/en/monuments/al-muayyad-sheikh-mosque,{},N/A,N/A
Aswan Cemetery,Aswan,https://egymonuments.gov.eg/en/monuments/aswan-cemetery,{},N/A,N/A
The Tomb of Shepsipumin / Kheni,El Hawawish,https://egymonuments.gov.eg/en/monuments/the-tomb-of-shepsipumin-kheni,"{""Sunday"": ""09:00 AM - 04:00 PM"", ""Monday"": ""09:00 AM - 04:00 PM"", ""Tuesday"": ""09:00 AM - 04:00 PM"", ""Wednesday"": ""09:00 AM - 04:00 PM"", ""Thursday"": ""09:00 AM - 04:00 PM"", ""Friday"": ""09:00 AM - 04:00 PM"", ""Saturday"": ""09:00 AM - 04:00 PM""}",N/A,N/A
The Tomb of Hesi Min,El Hawawish,https://egymonuments.gov.eg/en/monuments/the-tomb-of-hesi-min,"{""Sunday"": ""07:00 AM - 05:00 PM"", ""Monday"": ""07:00 AM - 05:00 PM"", ""Tuesday"": ""07:00 AM - 05:00 PM"", ""Wednesday"": ""07:00 AM - 05:00 PM"", ""Thursday"": ""07:00 AM - 05:00 PM"", ""Friday"": ""07:00 AM - 05:00 PM"", ""Saturday"": ""07:00 AM - 05:00 PM""}",N/A,N/A
The Tomb of Hem Min,El Hawawish,https://egymonuments.gov.eg/en/monuments/the-tomb-of-hem-min,"{""Sunday"": ""07:00 AM - 05:00 PM"", ""Monday"": ""07:00 AM - 05:00 PM"", ""Tuesday"": ""07:00 AM - 05:00 PM"", ""Wednesday"": ""07:00 AM - 05:00 PM"", ""Thursday"": ""07:00 AM - 05:00 PM"", ""Friday"": ""07:00 AM - 05:00 PM"", ""Saturday"": ""07:00 AM - 05:00 PM""}",N/A,N/A
The Tomb of Ka Hep / Theti Iker,El Hawawish,https://egymonuments.gov.eg/en/monuments/the-tomb-of-ka-hep-theti-iker,"{""Sunday"": ""07:00 AM - 05:00 PM"", ""Monday"": ""07:00 AM - 05:00 PM"", ""Tuesday"": ""07:00 AM - 05:00 PM"", ""Wednesday"": ""07:00 AM - 05:00 PM"", ""Thursday"": ""07:00 AM - 05:00 PM"", ""Friday"": ""07:00 AM - 05:00 PM"", ""Saturday"": ""07:00 AM - 05:00 PM""}",N/A,N/A
The Tomb of Nehwet Desher /Meri,El Hawawish,https://egymonuments.gov.eg/en/monuments/the-tomb-of-nehwet-desher-meri,"{""Sunday"": ""07:00 AM - 05:00 PM"", ""Monday"": ""07:00 AM - 05:00 PM"", ""Tuesday"": ""07:00 AM - 05:00 PM"", ""Wednesday"": ""07:00 AM - 05:00 PM"", ""Thursday"": ""07:00 AM - 05:00 PM"", ""Friday"": ""07:00 AM - 05:00 PM"", ""Saturday"": ""07:00 AM - 05:00 PM""}",N/A,N/A
Isis Temple,Aswan,https://egymonuments.gov.eg/en/monuments/isis-temple,"{""Sunday"": ""07:00 AM - 04:00 PM"", ""Monday"": ""07:00 AM - 04:00 PM"", ""Tuesday"": ""07:00 AM - 04:00 PM"", ""Wednesday"": ""07:00 AM - 04:00 PM"", ""Thursday"": ""07:00 AM - 04:00 PM"", ""Friday"": ""07:00 AM - 04:00 PM"", ""Saturday"": ""07:00 AM - 04:00 PM""}",N/A,N/A
Imam al-Shafi’i Mosque,Al-Fustat (Old Cairo),https://egymonuments.gov.eg/en/monuments/imam-al-shafi-i-mosque,"{""Sunday"": ""09:00 AM - 05:00 PM"", ""Monday"": ""09:00 AM - 05:00 PM"", ""Tuesday"": ""09:00 AM - 05:00 PM"", ""Wednesday"": ""09:00 AM - 05:00 PM"", ""Thursday"": ""09:00 AM - 05:00 PM"", ""Friday"": ""09:00 AM - 05:00 PM"", ""Saturday"": ""09:00 AM - 05:00 PM""}",N/A,N/A
House of Gamal al-Din al-Dhahabi,Cairo,https://egymonuments.gov.eg/en/monuments/house-of-gamal-al-din-al-dhahabi,"{""Sunday"": ""09:00 AM - 05:00 PM"", ""Monday"": ""09:00 AM - 05:00 PM"", ""Tuesday"": ""09:00 AM - 05:00 PM"", ""Wednesday"": ""09:00 AM - 05:00 PM"", ""Thursday"": ""09:00 AM - 05:00 PM"", ""Friday"": ""09:00 AM - 05:00 PM"", ""Saturday"": ""09:00 AM - 05:00 PM""}",N/A,N/A
Madrasa of Sultan al-Ashraf Barsbay,Al-Mu'izz Street (Cairo),https://egymonuments.gov.eg/en/monuments/madrasa-of-sultan-al-ashraf-barsbay,{},N/A,N/A
Luxor Temple,Luxor,https://egymonuments.gov.eg/en/monuments/luxor-temple,"{""Sunday"": ""06:00 AM - 08:00 PM"", ""Monday"": ""06:00 AM - 08:00 PM"", ""Tuesday"": ""06:00 AM - 08:00 PM"", ""Wednesday"": ""06:00 AM - 08:00 PM"", ""Thursday"": ""06:00 AM - 08:00 PM"", ""Friday"": ""06:00 AM - 08:00 PM"", ""Saturday"": ""06:00 AM - 08:00 PM""}",N/A,N/A
Hatshepsut Temple,Deir al-Bahari (Luxor),https://egymonuments.gov.eg/en/monuments/hatshepsut-temple,"{""Sunday"": ""06:00 AM - 05:00 PM"", ""Monday"": ""06:00 AM - 05:00 PM"", ""Tuesday"": ""06:00 AM - 05:00 PM"", ""Wednesday"": ""06:00 AM - 05:00 PM"", ""Thursday"": ""06:00 AM - 05:00 PM"", ""Friday"": ""06:00 AM - 05:00 PM"", ""Saturday"": ""06:00 AM - 05:00 PM""}",N/A,N/A
Tomb of Tutankhamun,Valley of the Kings (Luxor),https://egymonuments.gov.eg/en/monuments/tomb-of-tutankhamun,"{""Sunday"": ""06:00 AM - 05:00 PM"", ""Monday"": ""06:00 AM - 05:00 PM"", ""Tuesday"": ""06:00 AM - 05:00 PM"", ""Wednesday"": ""06:00 AM - 05:00 PM"", ""Thursday"": ""06:00 AM - 05:00 PM"", ""Friday"": ""06:00 AM - 05:00 PM"", ""Saturday"": ""06:00 AM - 05:00 PM""}",N/A,N/A
Tomb of Sety I (KV17),Valley of the Kings (Luxor),https://egymonuments.gov.eg/en/monuments/tomb-of-sety-i-kv17,"{""Sunday"": ""06:00 AM - 05:00 PM"", ""Monday"": ""06:00 AM - 05:00 PM"", ""Tuesday"": ""06:00 AM - 05:00 PM"", ""Wednesday"": ""06:00 AM - 05:00 PM"", ""Thursday"": ""06:00 AM - 05:00 PM"", ""Friday"": ""06:00 AM - 05:00 PM"", ""Saturday"": ""06:00 AM - 05:00 PM""}",N/A,N/A
Tomb of Ramesses VI (KV9),Valley of the Kings (Luxor),https://egymonuments.gov.eg/en/monuments/tomb-of-ramesses-vi-kv9,"{""Sunday"": ""06:00 AM - 05:00 PM"", ""Monday"": ""06:00 AM - 05:00 PM"", ""Tuesday"": ""06:00 AM - 05:00 PM"", ""Wednesday"": ""06:00 AM - 05:00 PM"", ""Thursday"": ""06:00 AM - 05:00 PM"", ""Friday"": ""06:00 AM - 05:00 PM"", ""Saturday"": ""06:00 AM - 05:00 PM""}",N/A,N/A
Temple of Dendera,Qena,https://egymonuments.gov.eg/en/monuments/temple-of-dendera,"{""Sunday"": ""07:00 AM - 05:00 PM"", ""Monday"": ""07:00 AM - 05:00 PM"", ""Tuesday"": ""07:00 AM - 05:00 PM"", ""Wednesday"": ""07:00 AM - 05:00 PM"", ""Thursday"": ""07:00 AM - 05:00 PM"", ""Friday"": ""07:00 AM - 05:00 PM"", ""Saturday"": ""07:00 AM - 05:00 PM""}",N/A,N/A
The Red Monastery,Sohag,https://egymonuments.gov.eg/en/monuments/the-red-monastery,"{""Sunday"": ""09:00 AM - 05:00 PM"", ""Monday"": ""09:00 AM - 05:00 PM"", ""Tuesday"": ""09:00 AM - 05:00 PM"", ""Wednesday"": ""09:00 AM - 05:00 PM"", ""Thursday"": ""09:00 AM - 05:00 PM"", ""Friday"": ""09:00 AM - 05:00 PM"", ""Saturday"": ""09:00 AM - 05:00 PM""}",N/A,N/A
The Great Pyramid,Giza Plateau (Cairo),https://egymonuments.gov.eg/en/monuments/the-great-pyramid,"{""Sunday"": ""07:00 AM - 05:00 PM"", ""Monday"": ""07:00 AM - 05:00 PM"", ""Tuesday"": ""07:00 AM - 05:00 PM"", ""Wednesday"": ""07:00 AM - 05:00 PM"", ""Thursday"": ""07:00 AM - 05:00 PM"", ""Friday"": ""07:00 AM - 05:00 PM"", ""Saturday"": ""07:00 AM - 05:00 PM""}",N/A,N/A
Pyramid Complex of Khafre (Khefren),Giza Plateau (Cairo),https://egymonuments.gov.eg/en/monuments/pyramid-complex-of-khafre-khefren,{},N/A,N/A
The Great Sphinx,Giza Plateau (Cairo),https://egymonuments.gov.eg/en/monuments/the-great-sphinx,{},N/A,N/A
Pyramid Complex of Menkaure,Giza Plateau (Cairo),https://egymonuments.gov.eg/en/monuments/pyramid-complex-of-menkaure,"{""Sunday"": ""08:00 AM - 04:00 PM"", ""Monday"": ""08:00 AM - 04:00 PM"", ""Tuesday"": ""08:00 AM - 04:00 PM"", ""Wednesday"": ""08:00 AM - 04:00 PM"", ""Thursday"": ""08:00 AM - 04:00 PM"", ""Friday"": ""08:00 AM - 04:00 PM"", ""Saturday"": ""08:00 AM - 04:00 PM""}",N/A,N/A
Tomb of Khufukhaf I,Giza Plateau (Cairo),https://egymonuments.gov.eg/en/monuments/tomb-of-khufukhaf-i,"{""Sunday"": ""07:00 AM - 05:00 PM"", ""Monday"": ""07:00 AM - 05:00 PM"", ""Tuesday"": ""07:00 AM - 05:00 PM"", ""Wednesday"": ""07:00 AM - 05:00 PM"", ""Thursday"": ""07:00 AM - 05:00 PM"", ""Friday"": ""07:00 AM - 05:00 PM"", ""Saturday"": ""07:00 AM - 05:00 PM""}",N/A,N/A
Workers’ Town and Cemetery,Giza Plateau (Cairo),https://egymonuments.gov.eg/en/monuments/workers-town-and-cemetery,"{""Sunday"": ""07:00 AM - 05:00 PM"", ""Monday"": ""07:00 AM - 05:00 PM"", ""Tuesday"": ""07:00 AM - 05:00 PM"", ""Wednesday"": ""07:00 AM - 05:00 PM"", ""Thursday"": ""07:00 AM - 05:00 PM"", ""Friday"": ""07:00 AM - 05:00 PM"", ""Saturday"": ""07:00 AM - 05:00 PM""}",N/A,N/A
Eastern and Western Cemeteries,Giza Plateau (Cairo),https://egymonuments.gov.eg/en/monuments/eastern-and-western-cemeteries,"{""Sunday"": ""07:00 AM - 05:00 PM"", ""Monday"": ""07:00 AM - 05:00 PM"", ""Tuesday"": ""07:00 AM - 05:00 PM"", ""Wednesday"": ""07:00 AM - 05:00 PM"", ""Thursday"": ""07:00 AM - 05:00 PM"", ""Friday"": ""07:00 AM - 05:00 PM"", ""Saturday"": ""07:00 AM - 05:00 PM""}",N/A,N/A
Tomb of Queen Meresankh III,Giza Plateau (Cairo),https://egymonuments.gov.eg/en/monuments/tomb-of-queen-meresankh-iii,"{""Sunday"": ""07:00 AM - 05:00 PM"", ""Monday"": ""07:00 AM - 05:00 PM"", ""Tuesday"": ""07:00 AM - 05:00 PM"", ""Wednesday"": ""07:00 AM - 05:00 PM"", ""Thursday"": ""07:00 AM - 05:00 PM"", ""Friday"": ""07:00 AM - 05:00 PM"", ""Saturday"": ""07:00 AM - 05:00 PM""}",N/A,N/A
The Step Pyramid Complex of Djoser,Saqqara (Cairo),https://egymonuments.gov.eg/en/monuments/the-step-pyramid-complex-of-djoser,"{""Sunday"": ""08:00 AM - 05:00 PM"", ""Monday"": ""08:00 AM - 05:00 PM"", ""Tuesday"": ""08:00 AM - 05:00 PM"", ""Wednesday"": ""08:00 AM - 05:00 PM"", ""Thursday"": ""08:00 AM - 05:00 PM"", ""Friday"": ""08:00 AM - 05:00 PM"", ""Saturday"": ""08:00 AM - 05:00 PM""}",N/A,N/A
Pyramid Complex of Teti,Saqqara (Cairo),https://egymonuments.gov.eg/en/monuments/pyramid-complex-of-teti,"{""Sunday"": ""08:00 AM - 05:00 PM"", ""Monday"": ""08:00 AM - 05:00 PM"", ""Tuesday"": ""08:00 AM - 05:00 PM"", ""Wednesday"": ""08:00 AM - 05:00 PM"", ""Thursday"": ""08:00 AM - 05:00 PM"", ""Friday"": ""08:00 AM - 05:00 PM"", ""Saturday"": ""08:00 AM - 05:00 PM""}",N/A,N/A
Hammam of Sultan Inal,Al-Mu'izz Street (Cairo),https://egymonuments.gov.eg/en/monuments/hammam-of-sultan-inal,"{""Sunday"": ""09:00 AM - 05:00 PM"", ""Monday"": ""09:00 AM - 05:00 PM"", ""Tuesday"": ""09:00 AM - 05:00 PM"", ""Wednesday"": ""09:00 AM - 05:00 PM"", ""Thursday"": ""09:00 AM - 05:00 PM"", ""Friday"": ""09:00 AM - 05:00 PM"", ""Saturday"": ""09:00 AM - 05:00 PM""}",N/A,N/A
Pyramid of Unas,Saqqara (Cairo),https://egymonuments.gov.eg/en/monuments/pyramid-of-unas,"{""Sunday"": ""08:00 AM - 05:00 PM"", ""Monday"": ""08:00 AM - 05:00 PM"", ""Tuesday"": ""08:00 AM - 05:00 PM"", ""Wednesday"": ""08:00 AM - 05:00 PM"", ""Thursday"": ""08:00 AM - 05:00 PM"", ""Friday"": ""08:00 AM - 05:00 PM"", ""Saturday"": ""08:00 AM - 05:00 PM""}",N/A,N/A
Serapeum,Saqqara (Cairo),https://egymonuments.gov.eg/en/monuments/serapeum,"{""Sunday"": ""08:00 AM - 05:00 PM"", ""Monday"": ""08:00 AM - 05:00 PM"", ""Tuesday"": ""08:00 AM - 05:00 PM"", ""Wednesday"": ""08:00 AM - 05:00 PM"", ""Thursday"": ""08:00 AM - 05:00 PM"", ""Friday"": ""08:00 AM - 05:00 PM"", ""Saturday"": ""08:00 AM - 05:00 PM""}",N/A,N/A
Tomb of the Two Brothers Niankh‑Khnum and Khnumhotep,Saqqara (Cairo),https://egymonuments.gov.eg/en/monuments/tomb-of-the-two-brothers-niankh-khnum-and-khnumhotep,"{""Sunday"": ""08:00 AM - 05:00 PM"", ""Monday"": ""08:00 AM - 05:00 PM"", ""Tuesday"": ""08:00 AM - 05:00 PM"", ""Wednesday"": ""08:00 AM - 05:00 PM"", ""Thursday"": ""08:00 AM - 05:00 PM"", ""Friday"": ""08:00 AM - 05:00 PM"", ""Saturday"": ""08:00 AM - 05:00 PM""}",N/A,N/A
Tomb of Mereruka,Saqqara (Cairo),https://egymonuments.gov.eg/en/monuments/tomb-of-mereruka,"{""Sunday"": ""08:00 AM - 05:00 PM"", ""Monday"": ""08:00 AM - 05:00 PM"", ""Tuesday"": ""08:00 AM - 05:00 PM"", ""Wednesday"": ""08:00 AM - 05:00 PM"", ""Thursday"": ""08:00 AM - 05:00 PM"", ""Friday"": ""08:00 AM - 05:00 PM"", ""Saturday"": ""08:00 AM - 05:00 PM""}",N/A,N/A
New Kingdom Cemetery,Saqqara (Cairo),https://egymonuments.gov.eg/en/monuments/new-kingdom-cemetery,"{""Sunday"": ""08:00 AM - 05:00 PM"", ""Monday"": ""08:00 AM - 05:00 PM"", ""Tuesday"": ""08:00 AM - 05:00 PM"", ""Wednesday"": ""08:00 AM - 05:00 PM"", ""Thursday"": ""08:00 AM - 05:00 PM"", ""Friday"": ""08:00 AM - 05:00 PM"", ""Saturday"": ""08:00 AM - 05:00 PM""}",N/A,N/A
Tomb of Horemheb,Saqqara (Cairo),https://egymonuments.gov.eg/en/monuments/tomb-of-horemheb,"{""Sunday"": ""08:00 AM - 05:00 PM"", ""Monday"": ""08:00 AM - 05:00 PM"", ""Tuesday"": ""08:00 AM - 05:00 PM"", ""Wednesday"": ""08:00 AM - 05:00 PM"", ""Thursday"": ""08:00 AM - 05:00 PM"", ""Friday"": ""08:00 AM - 05:00 PM"", ""Saturday"": ""08:00 AM - 05:00 PM""}",N/A,N/A
Baron Empain Palace,Cairo,https://egymonuments.gov.eg/en/monuments/baron-empain-palace,"{""Sunday"": ""09:00 AM - 06:00 PM"", ""Monday"": ""09:00 AM - 06:00 PM"", ""Tuesday"": ""09:00 AM - 06:00 PM"", ""Wednesday"": ""09:00 AM - 06:00 PM"", ""Thursday"": ""09:00 AM - 06:00 PM"", ""Friday"": ""09:00 AM - 06:00 PM"", ""Saturday"": ""09:00 AM - 06:00 PM""}",N/A,N/A
Bab Zuwayla,Al-Mu'izz Street (Cairo),https://egymonuments.gov.eg/en/monuments/bab-zuwayla,"{""Sunday"": ""09:00 AM - 05:00 PM"", ""Monday"": ""09:00 AM - 05:00 PM"", ""Tuesday"": ""09:00 AM - 05:00 PM"", ""Wednesday"": ""09:00 AM - 05:00 PM"", ""Thursday"": ""09:00 AM - 05:00 PM"", ""Friday"": ""09:00 AM - 05:00 PM"", ""Saturday"": ""09:00 AM - 05:00 PM""}",N/A,N/A
"Bayt Al-Suhaymi (""House of Suhaymi"")",Al-Mu'izz Street (Cairo),https://egymonuments.gov.eg/en/monuments/bayt-al-suhaymi-house-of-suhaymi,"{""Sunday"": ""09:00 AM - 05:00 PM"", ""Monday"": ""09:00 AM - 05:00 PM"", ""Tuesday"": ""09:00 AM - 05:00 PM"", ""Wednesday"": ""09:00 AM - 05:00 PM"", ""Thursday"": ""09:00 AM - 05:00 PM"", ""Friday"": ""09:00 AM - 05:00 PM"", ""Saturday"": ""09:00 AM - 05:00 PM""}",N/A,N/A
Al-Aqmar Mosque,Al-Mu'izz Street (Cairo),https://egymonuments.gov.eg/en/monuments/al-aqmar-mosque,"{""Sunday"": ""09:00 AM - 05:00 PM"", ""Monday"": ""09:00 AM - 05:00 PM"", ""Tuesday"": ""09:00 AM - 05:00 PM"", ""Wednesday"": ""09:00 AM - 05:00 PM"", ""Thursday"": ""09:00 AM - 05:00 PM"", ""Friday"": ""09:00 AM - 05:00 PM"", ""Saturday"": ""09:00 AM - 05:00 PM""}",N/A,N/A
Mosque of al-Hakim bi-Amr Allah,Al-Mu'izz Street (Cairo),https://egymonuments.gov.eg/en/monuments/mosque-of-al-hakim-bi-amr-allah,{},N/A,N/A
Bab al‑Futuh,Al-Mu'izz Street (Cairo),https://egymonuments.gov.eg/en/monuments/bab-al-futuh,{},N/A,N/A
Bab al-Nasr,Al-Mu'izz Street (Cairo),https://egymonuments.gov.eg/en/monuments/bab-al-nasr,{},N/A,N/A
Maimonides Synagogue,Cairo,https://egymonuments.gov.eg/en/monuments/maimonides-synagogue,{},N/A,N/A
Muhammad Ali Mosque,Cairo Citadel,https://egymonuments.gov.eg/en/monuments/muhammad-ali-mosque,"{""Sunday"": ""09:00 AM - 05:00 PM"", ""Monday"": ""09:00 AM - 05:00 PM"", ""Tuesday"": ""09:00 AM - 05:00 PM"", ""Wednesday"": ""09:00 AM - 05:00 PM"", ""Thursday"": ""09:00 AM - 05:00 PM"", ""Friday"": ""09:00 AM - 05:00 PM"", ""Saturday"": ""09:00 AM - 05:00 PM""}",N/A,N/A
Sultan al-Nasir Muhammad Mosque,Cairo Citadel,https://egymonuments.gov.eg/en/monuments/sultan-al-nasir-muhammad-mosque,"{""Sunday"": ""09:00 AM - 05:00 PM"", ""Monday"": ""09:00 AM - 05:00 PM"", ""Tuesday"": ""09:00 AM - 05:00 PM"", ""Wednesday"": ""09:00 AM - 05:00 PM"", ""Thursday"": ""09:00 AM - 05:00 PM"", ""Friday"": ""09:00 AM - 05:00 PM"", ""Saturday"": ""09:00 AM - 05:00 PM""}",N/A,N/A
Mosque and Madrasa of Sultan Hasan,Salah al-Din Square (Cairo),https://egymonuments.gov.eg/en/monuments/mosque-and-madrasa-of-sultan-hasan,"{""Sunday"": ""09:00 AM - 05:00 PM"", ""Monday"": ""09:00 AM - 05:00 PM"", ""Tuesday"": ""09:00 AM - 05:00 PM"", ""Wednesday"": ""09:00 AM - 05:00 PM"", ""Thursday"": ""09:00 AM - 05:00 PM"", ""Friday"": ""09:00 AM - 05:00 PM"", ""Saturday"": ""09:00 AM - 05:00 PM""}",N/A,N/A
Al-Rifa’i Mosque,Salah al-Din Square (Cairo),https://egymonuments.gov.eg/en/monuments/al-rifa-i-mosque,"{""Sunday"": ""09:00 AM - 05:00 PM"", ""Monday"": ""09:00 AM - 05:00 PM"", ""Tuesday"": ""09:00 AM - 05:00 PM"", ""Wednesday"": ""09:00 AM - 05:00 PM"", ""Thursday"": ""09:00 AM - 05:00 PM"", ""Friday"": ""09:00 AM - 05:00 PM"", ""Saturday"": ""09:00 AM - 05:00 PM""}",N/A,N/A
Ali Labib House,Salah al-Din Square (Cairo),https://egymonuments.gov.eg/en/monuments/ali-labib-house,"{""Sunday"": ""09:00 AM - 05:00 PM"", ""Monday"": ""09:00 AM - 05:00 PM"", ""Tuesday"": ""09:00 AM - 05:00 PM"", ""Wednesday"": ""09:00 AM - 05:00 PM"", ""Thursday"": ""09:00 AM - 05:00 PM"", ""Friday"": ""09:00 AM - 05:00 PM"", ""Saturday"": ""09:00 AM - 05:00 PM""}",N/A,N/A
Ahmad Ibn Tulun Mosque,Al-Saliba Street (Cairo),https://egymonuments.gov.eg/en/monuments/ahmad-ibn-tulun-mosque,"{""Sunday"": ""09:00 AM - 05:00 PM"", ""Monday"": ""09:00 AM - 05:00 PM"", ""Tuesday"": ""09:00 AM - 05:00 PM"", ""Wednesday"": ""09:00 AM - 05:00 PM"", ""Thursday"": ""09:00 AM - 05:00 PM"", ""Friday"": ""09:00 AM - 05:00 PM"", ""Saturday"": ""09:00 AM - 05:00 PM""}",N/A,N/A
Sabil Umm Abbas,Al-Saliba Street (Cairo),https://egymonuments.gov.eg/en/monuments/sabil-umm-abbas-1,{},N/A,N/A
The Takeyya Mawlawiyya Madrasa-Mausoleum of Amir Sunqur al-Sa'di,Al-Suyufiyya Street (Cairo),https://egymonuments.gov.eg/en/monuments/the-takeyya-mawlawiyya,"{""Sunday"": ""09:00 AM - 05:00 PM"", ""Monday"": ""09:00 AM - 05:00 PM"", ""Tuesday"": ""09:00 AM - 05:00 PM"", ""Wednesday"": ""09:00 AM - 05:00 PM"", ""Thursday"": ""09:00 AM - 05:00 PM"", ""Friday"": ""09:00 AM - 05:00 PM"", ""Saturday"": ""09:00 AM - 05:00 PM""}",N/A,N/A
Church of Saint Sergius and Bacchus,Al-Fustat (Old Cairo),https://egymonuments.gov.eg/en/monuments/church-of-saint-sergius-and-bacchus,"{""Sunday"": ""09:00 AM - 04:00 PM"", ""Monday"": ""09:00 AM - 04:00 PM"", ""Tuesday"": ""09:00 AM - 04:00 PM"", ""Wednesday"": ""09:00 AM - 04:00 PM"", ""Thursday"": ""09:00 AM - 04:00 PM"", ""Friday"": ""09:00 AM - 04:00 PM"", ""Saturday"": ""09:00 AM - 04:00 PM""}",N/A,N/A
Ben ‘Ezra Synagogue,Al-Fustat (Old Cairo),https://egymonuments.gov.eg/en/monuments/ben-ezra-synagogue,"{""Sunday"": ""09:00 AM - 04:00 PM"", ""Monday"": ""09:00 AM - 04:00 PM"", ""Tuesday"": ""09:00 AM - 04:00 PM"", ""Wednesday"": ""09:00 AM - 04:00 PM"", ""Thursday"": ""09:00 AM - 04:00 PM"", ""Friday"": ""09:00 AM - 04:00 PM"", ""Saturday"": ""09:00 AM - 04:00 PM""}",N/A,N/A
The Mosque of ‘Amr ibn al-‘As,Al-Fustat (Old Cairo),https://egymonuments.gov.eg/en/monuments/the-mosque-of-amr-ibn-al-as,"{""Sunday"": ""09:00 AM - 04:00 PM"", ""Monday"": ""09:00 AM - 04:00 PM"", ""Tuesday"": ""09:00 AM - 04:00 PM"", ""Wednesday"": ""09:00 AM - 04:00 PM"", ""Thursday"": ""09:00 AM - 04:00 PM"", ""Friday"": ""09:00 AM - 04:00 PM"", ""Saturday"": ""09:00 AM - 04:00 PM""}",N/A,N/A
Rawda Island Nilometer,Al-Fustat (Old Cairo),https://egymonuments.gov.eg/en/monuments/rawda-island-nilometer,"{""Sunday"": ""09:00 AM - 05:00 PM"", ""Monday"": ""09:00 AM - 05:00 PM"", ""Tuesday"": ""09:00 AM - 05:00 PM"", ""Wednesday"": ""09:00 AM - 05:00 PM"", ""Thursday"": ""09:00 AM - 05:00 PM"", ""Friday"": ""09:00 AM - 05:00 PM"", ""Saturday"": ""09:00 AM - 05:00 PM""}",N/A,N/A
Monastery of the Syrians,Behera,https://egymonuments.gov.eg/en/monuments/monastery-of-the-syrians,"{""Sunday"": ""08:00 AM - 05:00 PM"", ""Monday"": ""08:00 AM - 05:00 PM"", ""Tuesday"": ""08:00 AM - 05:00 PM"", ""Wednesday"": ""08:00 AM - 05:00 PM"", ""Thursday"": ""08:00 AM - 05:00 PM"", ""Friday"": ""08:00 AM - 05:00 PM"", ""Saturday"": ""08:00 AM - 05:00 PM""}",N/A,N/A
The Cemetery of Shatby,Alexandria,https://egymonuments.gov.eg/en/monuments/the-cemetery-of-shatby,"{""Sunday"": ""09:00 AM - 05:00 PM"", ""Monday"": ""09:00 AM - 05:00 PM"", ""Tuesday"": ""09:00 AM - 05:00 PM"", ""Wednesday"": ""09:00 AM - 05:00 PM"", ""Thursday"": ""09:00 AM - 05:00 PM"", ""Friday"": ""09:00 AM - 05:00 PM"", ""Saturday"": ""09:00 AM - 05:00 PM""}",N/A,N/A
The Church of the Burning Bush,Saint Catherine’s Monastery,https://egymonuments.gov.eg/en/monuments/the-church-of-the-burning-bush,"{""Sunday"": ""09:00 AM - 03:00 PM"", ""Monday"": ""09:00 AM - 03:00 PM"", ""Tuesday"": ""09:00 AM - 03:00 PM"", ""Wednesday"": ""09:00 AM - 03:00 PM"", ""Thursday"": ""09:00 AM - 03:00 PM"", ""Friday"": ""09:00 AM - 03:00 PM"", ""Saturday"": ""09:00 AM - 03:00 PM""}",N/A,N/A
The Library of Saint Catherine’s Monastery,Saint Catherine’s Monastery,https://egymonuments.gov.eg/en/monuments/the-library-of-saint-catherine-s-monastery,"{""Sunday"": ""09:00 AM - 05:00 PM"", ""Monday"": ""09:00 AM - 05:00 PM"", ""Tuesday"": ""09:00 AM - 05:00 PM"", ""Wednesday"": ""09:00 AM - 05:00 PM"", ""Thursday"": ""09:00 AM - 05:00 PM"", ""Friday"": ""09:00 AM - 05:00 PM"", ""Saturday"": ""09:00 AM - 05:00 PM""}",N/A,N/A
The Fatimid Mosque,Saint Catherine’s Monastery,https://egymonuments.gov.eg/en/monuments/the-fatimid-mosque,"{""Sunday"": ""09:00 AM - 05:00 PM"", ""Monday"": ""09:00 AM - 05:00 PM"", ""Tuesday"": ""09:00 AM - 05:00 PM"", ""Wednesday"": ""09:00 AM - 05:00 PM"", ""Thursday"": ""09:00 AM - 05:00 PM"", ""Friday"": ""09:00 AM - 05:00 PM"", ""Saturday"": ""09:00 AM - 05:00 PM""}",N/A,N/A
Bagawat Cemetery,New Valley Governorate (El Wadi El Gedid Governorate),https://egymonuments.gov.eg/en/monuments/bagawat-cemetery,"{""Sunday"": ""08:00 AM - 05:00 PM"", ""Monday"": ""08:00 AM - 05:00 PM"", ""Tuesday"": ""08:00 AM - 05:00 PM"", ""Wednesday"": ""08:00 AM - 05:00 PM"", ""Thursday"": ""08:00 AM - 05:00 PM"", ""Friday"": ""08:00 AM - 05:00 PM"", ""Saturday"": ""08:00 AM - 05:00 PM""}",N/A,N/A
Madrasa and Khanaqah of Sultan al-Zahir Barquq,Al-Mu'izz Street (Cairo),https://egymonuments.gov.eg/en/monuments/madrasa-and-khanaqah-of-sultan-al-zahir-barquq,"{""Sunday"": ""09:00 AM - 05:00 PM"", ""Monday"": ""09:00 AM - 05:00 PM"", ""Tuesday"": ""09:00 AM - 05:00 PM"", ""Wednesday"": ""09:00 AM - 05:00 PM"", ""Thursday"": ""09:00 AM - 05:00 PM"", ""Friday"": ""09:00 AM - 05:00 PM"", ""Saturday"": ""09:00 AM - 05:00 PM""}",N/A,N/A
Sabil-Kuttab of Abd al-Rahman Katkhuda,Al-Mu'izz Street (Cairo),https://egymonuments.gov.eg/en/monuments/sabil-kuttab-of-abd-al-rahman-katkhuda,"{""Sunday"": ""09:00 AM - 05:00 PM"", ""Monday"": ""09:00 AM - 05:00 PM"", ""Tuesday"": ""09:00 AM - 05:00 PM"", ""Wednesday"": ""09:00 AM - 05:00 PM"", ""Thursday"": ""09:00 AM - 05:00 PM"", ""Friday"": ""09:00 AM - 05:00 PM"", ""Saturday"": ""09:00 AM - 05:00 PM""}",N/A,N/A
Madrasa and Mausoleum of al-Saleh Najm al-Din Ayyub,Al-Mu'izz Street (Cairo),https://egymonuments.gov.eg/en/monuments/madrasa-and-mausoleum-of-al-salih-nagm-al-din-ayyub,"{""Sunday"": ""09:00 AM - 05:00 PM"", ""Monday"": ""09:00 AM - 05:00 PM"", ""Tuesday"": ""09:00 AM - 05:00 PM"", ""Wednesday"": ""09:00 AM - 05:00 PM"", ""Thursday"": ""09:00 AM - 05:00 PM"", ""Friday"": ""09:00 AM - 05:00 PM"", ""Saturday"": ""09:00 AM - 05:00 PM""}",N/A,N/A
House of Sitt Wasila,Cairo,https://egymonuments.gov.eg/en/monuments/house-of-sitt-wasila,{},N/A,N/A
Qubbat Al-Hawa Cemetery,Aswan,https://egymonuments.gov.eg/en/archaeological-sites/qubbat-al-hawa-cemetery-1,"{""Sunday"": ""07:00 AM - 04:00 PM"", ""Monday"": ""07:00 AM - 04:00 PM"", ""Tuesday"": ""07:00 AM - 04:00 PM"", ""Wednesday"": ""07:00 AM - 04:00 PM"", ""Thursday"": ""07:00 AM - 04:00 PM"", ""Friday"": ""07:00 AM - 04:00 PM"", ""Saturday"": ""07:00 AM - 04:00 PM""}",N/A,N/A
Elephantine,Aswan,https://egymonuments.gov.eg/en/archaeological-sites/elephantine-1,"{""Sunday"": ""08:00 AM - 04:00 PM"", ""Monday"": ""08:00 AM - 04:00 PM"", ""Tuesday"": ""08:00 AM - 04:00 PM"", ""Wednesday"": ""08:00 AM - 04:00 PM"", ""Thursday"": ""08:00 AM - 04:00 PM"", ""Friday"": ""08:00 AM - 04:00 PM"", ""Saturday"": ""08:00 AM - 04:00 PM""}",N/A,N/A
Al Kab,Aswan,https://egymonuments.gov.eg/en/archaeological-sites/al-kab,"{""Sunday"": ""07:00 AM - 05:00 PM"", ""Monday"": ""07:00 AM - 05:00 PM"", ""Tuesday"": ""07:00 AM - 05:00 PM"", ""Wednesday"": ""07:00 AM - 05:00 PM"", ""Thursday"": ""07:00 AM - 05:00 PM"", ""Friday"": ""07:00 AM - 05:00 PM"", ""Saturday"": ""07:00 AM - 05:00 PM""}",N/A,N/A
Aswan,Aswan,https://egymonuments.gov.eg/en/archaeological-sites/aswan,{},N/A,N/A
Al-Bahnasa Tombs,Al-Minya,https://egymonuments.gov.eg/en/archaeological-sites/al-bahnasa-tombs,{},N/A,N/A
Amada Temples,Aswan,https://egymonuments.gov.eg/en/archaeological-sites/amada-temples,"{""Sunday"": ""07:00 AM - 04:00 PM"", ""Monday"": ""07:00 AM - 04:00 PM"", ""Tuesday"": ""07:00 AM - 04:00 PM"", ""Wednesday"": ""07:00 AM - 04:00 PM"", ""Thursday"": ""07:00 AM - 04:00 PM"", ""Friday"": ""07:00 AM - 04:00 PM"", ""Saturday"": ""07:00 AM - 04:00 PM""}",N/A,N/A
Temples of Wadi al Sebua,Aswan,https://egymonuments.gov.eg/en/archaeological-sites/temples-of-wadi-al-sebua,"{""Sunday"": ""07:00 AM - 04:00 PM"", ""Monday"": ""07:00 AM - 04:00 PM"", ""Tuesday"": ""07:00 AM - 04:00 PM"", ""Wednesday"": ""07:00 AM - 04:00 PM"", ""Thursday"": ""07:00 AM - 04:00 PM"", ""Friday"": ""07:00 AM - 04:00 PM"", ""Saturday"": ""07:00 AM - 04:00 PM""}",N/A,N/A
Abu Mina,Alexandria,https://egymonuments.gov.eg/en/archaeological-sites/abu-mina-1,"{""Sunday"": ""07:00 AM - 07:00 PM"", ""Monday"": ""07:00 AM - 07:00 PM"", ""Tuesday"": ""07:00 AM - 07:00 PM"", ""Wednesday"": ""07:00 AM - 07:00 PM"", ""Thursday"": ""07:00 AM - 07:00 PM"", ""Friday"": ""07:00 AM - 07:00 PM"", ""Saturday"": ""07:00 AM - 07:00 PM""}",N/A,N/A
Heliopolis,Cairo,https://egymonuments.gov.eg/en/archaeological-sites/heliopolis,{},N/A,N/A
Abu Simbel,Aswan,https://egymonuments.gov.eg/en/archaeological-sites/abu-simbel,"{""Sunday"": ""06:00 AM - 05:00 PM"", ""Monday"": ""06:00 AM - 05:00 PM"", ""Tuesday"": ""06:00 AM - 05:00 PM"", ""Wednesday"": ""06:00 AM - 05:00 PM"", ""Thursday"": ""06:00 AM - 05:00 PM"", ""Friday"": ""06:00 AM - 05:00 PM"", ""Saturday"": ""06:00 AM - 05:00 PM""}",N/A,N/A
Philae,Aswan,https://egymonuments.gov.eg/en/archaeological-sites/philae,"{""Sunday"": ""07:00 AM - 04:00 PM"", ""Monday"": ""07:00 AM - 04:00 PM"", ""Tuesday"": ""07:00 AM - 04:00 PM"", ""Wednesday"": ""07:00 AM - 04:00 PM"", ""Thursday"": ""07:00 AM - 04:00 PM"", ""Friday"": ""07:00 AM - 04:00 PM"", ""Saturday"": ""07:00 AM - 04:00 PM""}",N/A,N/A
Karnak,Luxor,https://egymonuments.gov.eg/en/archaeological-sites/karnak,"{""Sunday"": ""06:00 AM - 05:00 PM"", ""Monday"": ""06:00 AM - 05:00 PM"", ""Tuesday"": ""06:00 AM - 05:00 PM"", ""Wednesday"": ""06:00 AM - 05:00 PM"", ""Thursday"": ""06:00 AM - 05:00 PM"", ""Friday"": ""06:00 AM - 05:00 PM"", ""Saturday"": ""06:00 AM - 05:00 PM""}",N/A,N/A
Valley of the Kings,Luxor,https://egymonuments.gov.eg/en/archaeological-sites/valley-of-the-kings,"{""Sunday"": ""06:00 AM - 05:00 PM"", ""Monday"": ""06:00 AM - 05:00 PM"", ""Tuesday"": ""06:00 AM - 05:00 PM"", ""Wednesday"": ""06:00 AM - 05:00 PM"", ""Thursday"": ""06:00 AM - 05:00 PM"", ""Friday"": ""06:00 AM - 05:00 PM"", ""Saturday"": ""06:00 AM - 05:00 PM""}",N/A,N/A
Deir al-Bahari,Luxor,https://egymonuments.gov.eg/en/archaeological-sites/deir-al-bahari,"{""Sunday"": ""06:00 AM - 05:00 PM"", ""Monday"": ""06:00 AM - 05:00 PM"", ""Tuesday"": ""06:00 AM - 05:00 PM"", ""Wednesday"": ""06:00 AM - 05:00 PM"", ""Thursday"": ""06:00 AM - 05:00 PM"", ""Friday"": ""06:00 AM - 05:00 PM"", ""Saturday"": ""06:00 AM - 05:00 PM""}",N/A,N/A
Giza Plateau,Giza (Cairo),https://egymonuments.gov.eg/en/archaeological-sites/giza-plateau,"{""Sunday"": ""07:00 AM - 05:00 PM"", ""Monday"": ""07:00 AM - 05:00 PM"", ""Tuesday"": ""07:00 AM - 05:00 PM"", ""Wednesday"": ""07:00 AM - 05:00 PM"", ""Thursday"": ""07:00 AM - 05:00 PM"", ""Friday"": ""07:00 AM - 05:00 PM"", ""Saturday"": ""07:00 AM - 05:00 PM""}",N/A,N/A
Saqqara,Giza (Cairo),https://egymonuments.gov.eg/en/archaeological-sites/saqqara,"{""Sunday"": ""08:00 AM - 05:00 PM"", ""Monday"": ""08:00 AM - 05:00 PM"", ""Tuesday"": ""08:00 AM - 05:00 PM"", ""Wednesday"": ""08:00 AM - 05:00 PM"", ""Thursday"": ""08:00 AM - 05:00 PM"", ""Friday"": ""08:00 AM - 05:00 PM"", ""Saturday"": ""08:00 AM - 05:00 PM""}",N/A,N/A
Gebel al-Silsila,Aswan,https://egymonuments.gov.eg/en/archaeological-sites/gebel-el-silsila,"{""Sunday"": ""07:00 AM - 04:00 PM"", ""Monday"": ""07:00 AM - 04:00 PM"", ""Tuesday"": ""07:00 AM - 04:00 PM"", ""Wednesday"": ""07:00 AM - 04:00 PM"", ""Thursday"": ""07:00 AM - 04:00 PM"", ""Friday"": ""07:00 AM - 04:00 PM"", ""Saturday"": ""07:00 AM - 04:00 PM""}",N/A,N/A
Dahshur,Giza (Cairo),https://egymonuments.gov.eg/en/archaeological-sites/dahshur,"{""Sunday"": ""08:00 AM - 05:00 PM"", ""Monday"": ""08:00 AM - 05:00 PM"", ""Tuesday"": ""08:00 AM - 05:00 PM"", ""Wednesday"": ""08:00 AM - 05:00 PM"", ""Thursday"": ""08:00 AM - 05:00 PM"", ""Friday"": ""08:00 AM - 05:00 PM"", ""Saturday"": ""08:00 AM - 05:00 PM""}",N/A,N/A
Mary’s Tree,Cairo,https://egymonuments.gov.eg/en/archaeological-sites/marys-tree-archaeological-site,"{""Sunday"": ""09:00 AM - 05:00 PM"", ""Monday"": ""09:00 AM - 05:00 PM"", ""Tuesday"": ""09:00 AM - 05:00 PM"", ""Wednesday"": ""09:00 AM - 05:00 PM"", ""Thursday"": ""09:00 AM - 05:00 PM"", ""Friday"": ""09:00 AM - 05:00 PM"", ""Saturday"": ""09:00 AM - 05:00 PM""}",N/A,N/A
Tell Basta,Al-Sharkia,https://egymonuments.gov.eg/en/archaeological-sites/tal-basta,"{""Sunday"": ""09:00 AM - 05:00 PM"", ""Monday"": ""09:00 AM - 05:00 PM"", ""Tuesday"": ""09:00 AM - 05:00 PM"", ""Wednesday"": ""09:00 AM - 05:00 PM"", ""Thursday"": ""09:00 AM - 05:00 PM"", ""Friday"": ""09:00 AM - 05:00 PM"", ""Saturday"": ""09:00 AM - 05:00 PM""}",N/A,N/A
El Hawawish,Sohag,https://egymonuments.gov.eg/en/archaeological-sites/el-hawawish,"{""Sunday"": ""07:00 AM - 05:00 PM"", ""Monday"": ""07:00 AM - 05:00 PM"", ""Tuesday"": ""07:00 AM - 05:00 PM"", ""Wednesday"": ""07:00 AM - 05:00 PM"", ""Thursday"": ""07:00 AM - 05:00 PM"", ""Friday"": ""07:00 AM - 05:00 PM"", ""Saturday"": ""07:00 AM - 05:00 PM""}",N/A,N/A
El Sheikh Hamad (Athribis),Sohag,https://egymonuments.gov.eg/en/archaeological-sites/el-sheikh-hamad-athribis,"{""Sunday"": ""07:00 AM - 05:00 PM"", ""Monday"": ""07:00 AM - 05:00 PM"", ""Tuesday"": ""07:00 AM - 05:00 PM"", ""Wednesday"": ""07:00 AM - 05:00 PM"", ""Thursday"": ""07:00 AM - 05:00 PM"", ""Friday"": ""07:00 AM - 05:00 PM"", ""Saturday"": ""07:00 AM - 05:00 PM""}",N/A,N/A
Shali village in Siwa Oasis,Matrouh,https://egymonuments.gov.eg/en/archaeological-sites/shali-village-in-siwa-oasis,{},N/A,N/A
Beni Hasan,Al-Minya,https://egymonuments.gov.eg/en/archaeological-sites/beni-hasan,"{""Sunday"": ""08:00 AM - 05:00 PM"", ""Monday"": ""08:00 AM - 05:00 PM"", ""Tuesday"": ""08:00 AM - 05:00 PM"", ""Wednesday"": ""08:00 AM - 05:00 PM"", ""Thursday"": ""08:00 AM - 05:00 PM"", ""Friday"": ""08:00 AM - 05:00 PM"", ""Saturday"": ""08:00 AM - 05:00 PM""}",N/A,N/A
Ayn Shams City,Cairo,https://egymonuments.gov.eg/en/archaeological-sites/ayn-shams-city,{},N/A,N/A
Al-Mu'izz Street,Cairo,https://egymonuments.gov.eg/en/archaeological-sites/al-muizz-street,"{""Sunday"": ""09:00 AM - 05:00 PM"", ""Monday"": ""09:00 AM - 05:00 PM"", ""Tuesday"": ""09:00 AM - 05:00 PM"", ""Wednesday"": ""09:00 AM - 05:00 PM"", ""Thursday"": ""09:00 AM - 05:00 PM"", ""Friday"": ""09:00 AM - 05:00 PM"", ""Saturday"": ""09:00 AM - 05:00 PM""}",N/A,N/A
Cairo  Citadel,Cairo,https://egymonuments.gov.eg/en/archaeological-sites/cairo-citadel,"{""Sunday"": ""08:00 AM - 05:00 PM"", ""Monday"": ""08:00 AM - 05:00 PM"", ""Tuesday"": ""08:00 AM - 05:00 PM"", ""Wednesday"": ""08:00 AM - 05:00 PM"", ""Thursday"": ""08:00 AM - 05:00 PM"", ""Friday"": ""08:00 AM - 05:00 PM"", ""Saturday"": ""08:00 AM - 05:00 PM""}",N/A,N/A
Salah al-Din Square,Cairo,https://egymonuments.gov.eg/en/archaeological-sites/salah-al-din-square,{},N/A,N/A
Al-Saliba Street,Cairo,https://egymonuments.gov.eg/en/archaeological-sites/al-saliba-street,{},N/A,N/A
Al-Suyufiyya Street,Cairo,https://egymonuments.gov.eg/en/archaeological-sites/al-suyufiyya-street,{},N/A,N/A
Al-Fustat (Old Cairo),Cairo,https://egymonuments.gov.eg/en/archaeological-sites/al-fustat-old-cairo,{},N/A,N/A
Alexandria,Alexandria,https://egymonuments.gov.eg/en/archaeological-sites/alexandria,{},N/A,N/A
Saint Catherine’s Monastery,South Sinai,https://egymonuments.gov.eg/en/archaeological-sites/saint-catherine-s-monastery,"{""Sunday"": ""08:45 AM - 12:45 PM"", ""Monday"": ""08:45 AM - 12:45 PM"", ""Tuesday"": ""08:45 AM - 12:45 PM"", ""Wednesday"": ""08:45 AM - 12:45 PM"", ""Thursday"": ""10:30 AM - 11:30 AM"", ""Friday"": ""08:45 AM - 12:45 PM""}",N/A,N/A
Graeco-Roman Museum,Alexandria,https://egymonuments.gov.eg/en/museums/graeco-roman-museum,"{""Sunday"": ""09:00 AM - 05:00 PM"", ""Monday"": ""09:00 AM - 05:00 PM"", ""Tuesday"": ""09:00 AM - 05:00 PM"", ""Wednesday"": ""09:00 AM - 05:00 PM"", ""Thursday"": ""09:00 AM - 05:00 PM"", ""Friday"": ""09:00 AM - 05:00 PM"", ""Saturday"": ""09:00 AM - 05:00 PM""}",N/A,N/A
the National Museum of Suez,Suez,https://egymonuments.gov.eg/en/museums/the-national-museum-of-suez,"{""Sunday"": ""09:00 AM - 03:00 PM"", ""Monday"": ""09:00 AM - 03:00 PM"", ""Tuesday"": ""09:00 AM - 03:00 PM"", ""Wednesday"": ""09:00 AM - 03:00 PM"", ""Thursday"": ""09:00 AM - 03:00 PM"", ""Friday"": ""09:00 AM - 03:00 PM"", ""Saturday"": ""09:00 AM - 03:00 PM""}",N/A,N/A
National Military Museum,Cairo,https://egymonuments.gov.eg/en/museums/national-military-museum,"{""Sunday"": ""08:00 AM - 04:00 PM"", ""Monday"": ""08:00 AM - 04:00 PM"", ""Tuesday"": ""08:00 AM - 04:00 PM"", ""Wednesday"": ""08:00 AM - 04:00 PM"", ""Thursday"": ""08:00 AM - 04:00 PM"", ""Friday"": ""08:00 AM - 04:00 PM"", ""Saturday"": ""08:00 AM - 04:00 PM""}",N/A,N/A
Helwan Corner Museum,Cairo,https://egymonuments.gov.eg/en/museums/helwan-corner-museum,"{""Sunday"": ""09:00 AM - 05:00 PM"", ""Monday"": ""09:00 AM - 05:00 PM"", ""Tuesday"": ""09:00 AM - 05:00 PM"", ""Wednesday"": ""09:00 AM - 05:00 PM"", ""Thursday"": ""09:00 AM - 05:00 PM"", ""Friday"": ""09:00 AM - 05:00 PM"", ""Saturday"": ""09:00 AM - 05:00 PM""}",N/A,N/A
Nubia Museum,Aswan,https://egymonuments.gov.eg/en/museums/nubia-museum,"{""Sunday"": ""09:00 AM - 05:00 PM"", ""Monday"": ""09:00 AM - 05:00 PM"", ""Tuesday"": ""09:00 AM - 05:00 PM"", ""Wednesday"": ""09:00 AM - 05:00 PM"", ""Thursday"": ""09:00 AM - 05:00 PM"", ""Friday"": ""09:00 AM - 05:00 PM"", ""Saturday"": ""09:00 AM - 05:00 PM""}",N/A,N/A
Crocodile Museum,Aswan,https://egymonuments.gov.eg/en/museums/crocodile-museum,"{""Sunday"": ""07:00 AM - 09:00 PM"", ""Monday"": ""07:00 AM - 09:00 PM"", ""Tuesday"": ""07:00 AM - 09:00 PM"", ""Wednesday"": ""07:00 AM - 09:00 PM"", ""Thursday"": ""07:00 AM - 09:00 PM"", ""Friday"": ""07:00 AM - 09:00 PM"", ""Saturday"": ""07:00 AM - 09:00 PM""}",N/A,N/A
National Police Museum,Cairo,https://egymonuments.gov.eg/en/museums/national-police-museum,"{""Sunday"": ""08:00 AM - 05:00 PM"", ""Monday"": ""08:00 AM - 05:00 PM"", ""Tuesday"": ""08:00 AM - 05:00 PM"", ""Wednesday"": ""08:00 AM - 05:00 PM"", ""Thursday"": ""08:00 AM - 05:00 PM"", ""Friday"": ""08:00 AM - 05:00 PM"", ""Saturday"": ""08:00 AM - 05:00 PM""}",N/A,N/A
Cairo International Airport Museum - Terminal 2,Cairo,https://egymonuments.gov.eg/en/museums/cairo-international-airport-museum-terminal-2,{},N/A,N/A
The Egyptian Museum,Cairo,https://egymonuments.gov.eg/en/museums/egyptian-museum,"{""Sunday"": ""09:00 AM - 05:00 PM"", ""Monday"": ""09:00 AM - 05:00 PM"", ""Tuesday"": ""09:00 AM - 05:00 PM"", ""Wednesday"": ""09:00 AM - 05:00 PM"", ""Thursday"": ""09:00 AM - 05:00 PM"", ""Friday"": ""09:00 AM - 05:00 PM"", ""Saturday"": ""09:00 AM - 05:00 PM""}",N/A,N/A
Museum of Islamic Art,Cairo,https://egymonuments.gov.eg/en/museums/museum-of-islamic-art,"{""Sunday"": ""09:00 AM - 05:00 PM"", ""Monday"": ""09:00 AM - 05:00 PM"", ""Tuesday"": ""09:00 AM - 05:00 PM"", ""Wednesday"": ""09:00 AM - 05:00 PM"", ""Thursday"": ""09:00 AM - 05:00 PM"", ""Friday"": ""09:00 AM - 05:00 PM"", ""Saturday"": ""09:00 AM - 05:00 PM""}",N/A,N/A
The Coptic Museum,Cairo,https://egymonuments.gov.eg/en/museums/the-coptic-museum,"{""Sunday"": ""09:00 AM - 05:00 PM"", ""Monday"": ""09:00 AM - 05:00 PM"", ""Tuesday"": ""09:00 AM - 05:00 PM"", ""Wednesday"": ""09:00 AM - 05:00 PM"", ""Thursday"": ""09:00 AM - 05:00 PM"", ""Friday"": ""09:00 AM - 05:00 PM"", ""Saturday"": ""09:00 AM - 05:00 PM""}",N/A,N/A
National Museum of Egyptian Civilization(NMEC),Cairo,https://egymonuments.gov.eg/en/museums/national-museum-of-egyptian-civilization-nmec,"{""Sunday"": ""09:00 AM - 05:00 PM"", ""Monday"": ""09:00 AM - 05:00 PM"", ""Tuesday"": ""09:00 AM - 05:00 PM"", ""Wednesday"": ""09:00 AM - 05:00 PM"", ""Thursday"": ""09:00 AM - 05:00 PM"", ""Friday"": ""09:00 AM - 05:00 PM"", ""Saturday"": ""09:00 AM - 05:00 PM""}",N/A,N/A
Cairo International Airport Museum - Terminal 3,Cairo,https://egymonuments.gov.eg/en/museums/cairo-international-airport-museum-terminal-3,{},N/A,N/A
Sharm al-Sheikh Museum,South Sinai,https://egymonuments.gov.eg/en/museums/sharm-al-sheikh-museum,"{""Sunday"": ""10:00 AM - 01:00 PM"", ""Monday"": ""10:00 AM - 01:00 PM"", ""Tuesday"": ""10:00 AM - 01:00 PM"", ""Wednesday"": ""10:00 AM - 01:00 PM"", ""Thursday"": ""10:00 AM - 01:00 PM"", ""Friday"": ""10:00 AM - 01:00 PM"", ""Saturday"": ""10:00 AM - 01:00 PM""}",N/A,N/A
The Royal Carriages Museum,Cairo,https://egymonuments.gov.eg/en/museums/the-royal-carriages-museum,"{""Sunday"": ""09:00 AM - 05:00 PM"", ""Monday"": ""09:00 AM - 05:00 PM"", ""Tuesday"": ""09:00 AM - 05:00 PM"", ""Wednesday"": ""09:00 AM - 05:00 PM"", ""Thursday"": ""09:00 AM - 05:00 PM"", ""Friday"": ""09:00 AM - 05:00 PM"", ""Saturday"": ""09:00 AM - 05:00 PM""}",N/A,N/A
Kafr El-Sheikh Museum,Kafr El-Sheikh,https://egymonuments.gov.eg/en/museums/kafr-el-sheikh-museum,"{""Sunday"": ""09:00 AM - 05:00 PM"", ""Monday"": ""09:00 AM - 05:00 PM"", ""Tuesday"": ""09:00 AM - 05:00 PM"", ""Wednesday"": ""09:00 AM - 05:00 PM"", ""Thursday"": ""09:00 AM - 05:00 PM"", ""Friday"": ""09:00 AM - 05:00 PM"", ""Saturday"": ""09:00 AM - 05:00 PM""}",N/A,N/A
Gayer Anderson Museum,Cairo,https://egymonuments.gov.eg/en/museums/gayer-anderson-museum,"{""Sunday"": ""09:00 AM - 05:00 PM"", ""Monday"": ""09:00 AM - 05:00 PM"", ""Tuesday"": ""09:00 AM - 05:00 PM"", ""Wednesday"": ""09:00 AM - 05:00 PM"", ""Thursday"": ""09:00 AM - 05:00 PM"", ""Friday"": ""09:00 AM - 05:00 PM"", ""Saturday"": ""09:00 AM - 05:00 PM""}",N/A,N/A
Manial Palace Museum,Cairo,https://egymonuments.gov.eg/en/museums/manial-palace-museum,"{""Sunday"": ""09:00 AM - 05:00 PM"", ""Monday"": ""09:00 AM - 05:00 PM"", ""Tuesday"": ""09:00 AM - 05:00 PM"", ""Wednesday"": ""09:00 AM - 05:00 PM"", ""Thursday"": ""09:00 AM - 05:00 PM"", ""Friday"": ""09:00 AM - 05:00 PM"", ""Saturday"": ""09:00 AM - 05:00 PM""}",N/A,N/A
Royal Jewelry Museum,Alexandria,https://egymonuments.gov.eg/en/museums/royal-jewelry-museum,"{""Sunday"": ""09:00 AM - 05:00 PM"", ""Monday"": ""09:00 AM - 05:00 PM"", ""Tuesday"": ""09:00 AM - 05:00 PM"", ""Wednesday"": ""09:00 AM - 05:00 PM"", ""Thursday"": ""09:00 AM - 05:00 PM"", ""Friday"": ""09:00 AM - 05:00 PM"", ""Saturday"": ""09:00 AM - 05:00 PM""}",N/A,N/A
Mummification Museum,Luxor,https://egymonuments.gov.eg/en/museums/mummification-museum,"{""Sunday"": ""09:00 AM - 02:00 PM"", ""Monday"": ""09:00 AM - 02:00 PM"", ""Tuesday"": ""09:00 AM - 02:00 PM"", ""Wednesday"": ""09:00 AM - 02:00 PM"", ""Thursday"": ""09:00 AM - 02:00 PM"", ""Friday"": ""09:00 AM - 02:00 PM"", ""Saturday"": ""09:00 AM - 02:00 PM""}",N/A,N/A
Hurghada Museum,Red Sea,https://egymonuments.gov.eg/en/museums/hurghada-museum,"{""Sunday"": ""10:00 AM - 01:00 PM"", ""Monday"": ""10:00 AM - 01:00 PM"", ""Tuesday"": ""10:00 AM - 01:00 PM"", ""Wednesday"": ""10:00 AM - 01:00 PM"", ""Thursday"": ""10:00 AM - 01:00 PM"", ""Friday"": ""10:00 AM - 01:00 PM"", ""Saturday"": ""10:00 AM - 01:00 PM""}",N/A,N/A
Imhotep Museum,Giza (Cairo),https://egymonuments.gov.eg/en/museums/imhotep-museum,"{""Sunday"": ""08:00 AM - 05:00 PM"", ""Monday"": ""08:00 AM - 05:00 PM"", ""Tuesday"": ""08:00 AM - 05:00 PM"", ""Wednesday"": ""08:00 AM - 05:00 PM"", ""Thursday"": ""08:00 AM - 05:00 PM"", ""Friday"": ""08:00 AM - 05:00 PM"", ""Saturday"": ""08:00 AM - 05:00 PM""}",N/A,N/A
